{"cameraMode":{"drawMode":0,"name":"Shaded","section":"Shading Mode"},"sceneLighting":false,"audioPlay":false,"sceneViewState":{"showFog":false,"showMaterialUpdate":false,"showSkybox":false,"showFlares":false,"showImageEffects":false,"showParticleSystems":false},"in2DMode":false,"pivot":{"x":-2.499994993209839,"y":-0.09739789366722107,"z":-5.0},"rotation":{"x":-0.35476288199424746,"y":-0.23415029048919679,"z":0.09225133061408997,"w":-0.9004494547843933},"size":5.5910162925720219,"orthographic":false}