{"cameraMode":{"drawMode":0,"name":"Shaded","section":"Shading Mode"},"sceneLighting":false,"audioPlay":false,"sceneViewState":{"showFog":false,"showMaterialUpdate":false,"showSkybox":false,"showFlares":false,"showImageEffects":false,"showParticleSystems":false},"in2DMode":false,"pivot":{"x":-10.676424026489258,"y":-15.534703254699707,"z":74.10260772705078},"rotation":{"x":0.12919846177101136,"y":-0.13639383018016816,"z":0.017944008111953737,"w":0.9820462465286255},"size":4.31082010269165,"orthographic":false}